Name,Sector,Ticker,returnOnEquity,returnOnAssets,debtToEquity,quickRatio,revenueGrowth,ebitdaMargins,trailingAnnualDividendYield,twoHundredDayAverage,trailingPE,forwardPE,regularMarketPreviousClose,regularMarketOpen,regularMarketDayLow,regularMarketDayHigh,beta,marketCap,trailingAnnualDividendRate,profitMargins,bookValue,trailingEps,pegRatio,trailingPegRatio,grossMargins,operatingMargins,ebitda,freeCashflow,operatingCashflow,earningsGrowth,currentRatio,
AbbVie Inc,Pharmaceuticals Biotechnology & Life Sciences,ABBV,0.54262,0.07936,1039.994,0.594,0.043,0.47493,0.03147625,175.3587,65.0,16.101906,194.75,194.54,193.275,194.82,0.618,343288184832,6.13,0.09707,3.838,2.99,2.88,0.464,0.6966,0.3456,26121000960,19637499904,18638000128,-0.325,0.807,
Abbott Laboratories,Health Care Equipment & Services,ABT,0.14441,0.06255,37.525,1.023,0.04,0.25957,0.01862872,110.21685,36.473186,22.494165,115.95,116.215,115.45,116.85,0.722,201167241216,2.16,0.13645001,22.598,3.17,3.03,4.231,0.55474997,0.17663999,10570999808,5387749888,7900000256,-0.051,1.68,
American Eagle Outfitters Inc,Consumer Discretionary Distribution & Retail,AEO,0.14731,0.08041,78.084,0.533,0.075,0.12458,0.02306945,21.8553,16.28,10.489691,20.59,20.34,20.13,20.56,1.48,3908502528,0.475,0.04581,8.824,1.25,0.95,None,0.39382,0.07831,674590976,383513760,472959008,0.568,1.572,
Aflac Inc,Insurance,AFL,0.23538,0.03229,47.506,1.263,-0.007,0.33664,0.016567621,90.76235,11.760801,15.697609,111.06,112.17,111.25,112.76,0.949,62504501248,1.84,0.28340998,46.399,9.49,1.76,None,0.4957,0.40269002,6498500096,5469125120,2961999872,0.144,1.411,
Allstate Corp,Insurance,ALL,0.17841,0.0253,43.526,0.241,0.124,0.08015,0.01957709,167.7668,16.951641,10.258972,184.91,191.76,185.11,191.63,0.476,49056174080,3.62,0.050300002,62.848,10.96,0.07,None,0.2017,0.03443,4832999936,5695750144,6482999808,,0.378,
AMC Entertainment Holdings,Media & Entertainment,AMC,,-0.00728,,0.561,-0.235,0.052199997,,4.5126,,-10.475,4.07,4.03,4.03,4.21,1.973,1514077568,,-0.081470005,-4.695,-1.2,0.02,None,0.12027001,-0.046279997,234500000,-181612496,-234800000,,0.651,
AMN Healthcare Services Inc,Health Care Equipment & Services,AMN,0.12078,0.04587,140.92,1.128,-0.253,0.115,,58.4495,14.496241,12.280254,39.18,39.35,38.52,39.5031,0.118,1465353344,,0.03069,23.075,2.66,0.64,1.506,0.32097,0.050869998,371836992,213459248,311964992,-0.729,1.228,
Arista Networks Inc,Technology Hardware & Equipment,ANET,0.34463,0.16420999,0.731,3.47,0.159,0.42088002,,308.04605,53.215588,43.406784,406.93,403.56,402.66,410.7099,1.075,128727334912,,0.39008,26.842,7.7,2.54,2.3212,0.64012,0.41384998,2656448000,2007098880,2728257024,0.342,4.553,
Abercrombie & Fitch Co,Consumer Discretionary Distribution & Retail,ANF,0.50931,0.14349,72.951,0.812,0.212,0.17514,,136.5176,15.19088,13.425492,140.87,139.38,138.1228,144.785,1.5,7317023744,,0.107559994,23.625,9.43,0.78,None,0.64599997,0.15507,816854976,459909248,697212992,1.273,1.442,
Artisan Partners Asset Management Inc,Financial Services,APAM,0.55838,0.13862,47.602,1.927,0.115,0.32195,0.062075432,42.4923,12.659701,11.71547,42.69,42.27,41.755,42.41,1.793,2964611584,2.65,0.22748,4.881,3.35,-0.74,None,0.45422,0.31994,332535008,214003504,292825984,0.053,2.028,
Air Products & Chemicals Inc,Materials,APD,0.16211,0.05104,88.299,1.028,-0.016,0.347,0.022422524,259.65485,27.333622,23.60165,313.97,313.98,313.18,323.865,0.83,69942206464,7.04,0.21239,67.928,11.51,4.08,1.6766,0.31665,0.23798001,4200199936,-2739350016,3692600064,0.172,1.269,
Aptiv PLC,Automobiles & Components,APTV,0.34971002,0.0543,64.07,1.061,-0.029,0.14896,,75.76665,5.3396225,9.188312,71.36,70.68,70.23,71.68,1.792,16623420416,,0.18464,42.995,13.25,0.41,0.9531,0.18479,0.1083,2976999936,1228999936,2256999936,3.132,1.494,
ASGN Inc,Software & Services,ASGN,0.10443,0.05942,61.126,2.188,-0.085,0.10125,,94.96205,22.895632,16.52014,94.99,93.98,93.345,94.4,1.4,4225984000,,0.045619998,40.086,4.12,3.01,None,0.28648,0.0777,432800000,340337504,427900000,-0.164,2.343,
Ashland Global Holdings Inc,Materials,ASH,0.05625,0.0121,48.736,1.306,-0.004,0.16176,0.018428823,91.6911,24.786549,16.115969,84.65,84.5,84.0068,85.87,0.88,4139480064,1.56,0.07068,60.76,3.42,1.06,None,0.30028,0.09375,341000000,344375008,467000000,-0.883,2.985,
American Water Works Co Inc,Utilities,AWK,0.09631,0.03259,130.171,0.478,0.047,0.53269,0.021207226,131.00525,27.8,23.940247,136.18,133.6,133.72,136.78,0.691,26544238592,2.888,0.21932,52.098,4.9,3.45,3.1969,0.59830004,0.39687002,2321999872,-1104875008,1887000064,-0.011,0.638,
American Express Co,Financial Services,AXP,0.34977,0.038039997,180.044,1.654,0.087,,0.009579249,230.46115,20.199402,18.115873,271.42,270.93,269.88,272.9,1.213,192280363008,2.6,0.16927,41.489,13.39,1.32,2.0451,0.55833,0.21082,,,25097000960,0.436,1.657,
Autozone Inc,Consumer Discretionary Distribution & Retail,AZO,,0.14281,,0.034,0.09,0.2319,,2951.696,20.789333,17.64083,3146.07,3156.44,3083.5564,3140.585,0.707,52581466112,,0.14399,-280.611,149.43,1.86,1.5107,0.53093,0.20896,4287929088,,,0.117,0.838,
Boeing Co,Capital Goods,BA,,-0.00229,,0.264,-0.146,0.017970001,,185.01546,,43.898205,149.37,149.07,146.28,149.077,1.569,90350608384,,-0.04678,-29.204,-5.64,-0.1,None,0.10463,-0.05698,1322000000,-3489499904,-3881999872,,1.184,
Alibaba Group Holding Ltd,Consumer Discretionary Distribution & Retail,BABA,0.05668,0.04679,22.796,0.97,0.039,0.18584,0.06692928,78.71235,27.595959,11.0272455,107.89,108.98,107.49,110.84,0.341,261723422720,7.221,0.07383,394.46,3.96,70.09,0.8103,0.37902,0.16089001,176592994304,142874492928,170922999808,-0.257,1.412,
Bank of America Corp,Banks,BAC,0.08495,0.0076800003,,,-0.008,,0.023886539,37.6323,14.024562,11.041437,40.19,40.01,39.77,40.13,1.338,310150430720,0.96,0.25874,34.386,2.85,1.25,1.8303,,0.31673,,,47053000704,-0.057,,
Brookfield Asset Management,Financial Services,BAM,0.16127001,0.00884,6.319,0.851,,,0.029529635,40.82735,43.87156,28.634731,47.41,47.12,46.82,47.925,,20085643264,1.4,,7.709,1.09,2.33,None,,,,131000000,546000000,0.079,0.851,
Baxter International Inc,Health Care Equipment & Services,BAX,-0.02219,0.03711,173.106,0.781,0.028,0.19117,0.03065539,38.0004,,11.718353,37.84,37.78,36.91,38.036,0.593,18891890688,1.16,0.16510001,14.984,-0.3,1.26,None,0.38768002,0.09575,2867000064,1520375040,1174000000,,1.402,
Build-A-Bear Workshop Inc,Consumer Discretionary Distribution & Retail,BBW,0.42880002,0.14518,81.169,0.464,0.024,0.15953,0.011713031,27.033,9.692091,8.865634,34.15,34.11,33.38,34.4,1.53,463792320,0.4,0.103640005,9.455,3.54,0.3,None,0.54656,0.10159001,77113000,19744376,44910000,0.123,1.463,
Best Buy Co Inc,Consumer Discretionary Distribution & Retail,BBY,0.4241,0.07219,131.896,0.291,-0.031,0.06286,0.037712894,82.5664,16.842833,14.215743,98.64,97.89,96.73,98.33,1.48,20939980800,3.72,0.02962,14.451,5.79,-14.33,1.6202,0.22294001,0.04048,2673999872,1411750016,2106000000,0.072,1.013,
Barclays PLC,Banks,BCS,0.07121,0.0032,,,0.005,,0.0067268256,10.1571,9.149254,12.510204,12.19,12.29,12.19,12.305,1.363,44515938304,0.082,0.21238,3.891,1.34,3.32,1.1363,,0.34865,,,9946000384,-0.029,,
Franklin Resources Inc,Financial Services,BEN,0.07579,0.02665,26.914,1.464,0.078,0.21897,0.0627231,24.2714,12.546584,7.7394643,19.61,19.5,19.5,20.27,1.407,10564559872,1.23,0.102390006,24.653,1.61,2.17,0.8256,0.38748002,0.13326,1807100032,-698612480,1227100032,-0.273,5.122,
Bill.com Holdings Inc,Software & Services,BILL,-0.00703,-0.00974,23.943,0.572,0.161,-0.04091,,59.43055,,27.352942,54.73,53.99,53.6,57.07,1.61,5953022976,,-0.02238,38.766,-0.27,7.11,1.2117,0.85304,-0.06353,-52783000,-49511376,278771008,,1.554,
Blackrock Inc,Financial Services,BLK,0.15204,0.03431,27.647,1.853,0.077,0.38756,0.021131476,821.9453,23.694271,20.12192,955.92,955.0,953.615,963.33,1.318,141549633536,20.2,0.32361,270.611,40.33,1.78,2.5192,0.4932,0.37752,7241999872,4900749824,4530999808,0.103,2.528,
Bristol-Myers Squibb Co,Pharmaceuticals Biotechnology & Life Sciences,BMY,-0.26591,0.06002,316.386,0.937,0.087,0.40956002,0.04488636,47.79905,,7.5179343,52.8,53.03,52.325,53.42,0.46,106235756544,2.37,-0.14064,8.394,-3.25,-14.72,2.0363,0.76181,0.21293,19047999488,15692250112,14163000320,-0.163,1.156,
Barnes & Noble Education Inc,Consumer Discretionary Distribution & Retail,BNED,-0.99341005,0.00614,347.605,0.349,-0.003,0.0342,,45.48955,,-0.2427027,8.87,8.75,8.735,9.065,2.152,235347824,,-0.07169,5.51,-11.96,,None,0.22558,-0.12479,53566000,1171750,-25990000,,1.228,
BP PLC,Energy,BP,0.09516,0.04074,79.907,0.804,-0.027,0.18105,0.009318325,35.5732,12.534884,7.3835616,31.98,32.15,31.96,32.4,0.491,85488197632,0.298,0.03686,4.04,2.58,-0.49,None,0.28482,0.06041,36166000640,15307249664,31232999424,,1.236,
Anheuser-Bush InBev SA/NV,Food Beverage & Tobacco,BUD,0.08394,0.043470003,87.69,0.469,0.014,0.30040002,0.014096781,62.0274,22.093103,16.64156,64.27,64.5,63.92,64.53,0.982,126642683904,0.906,0.09892,39.816,2.9,1.51,0.9007,0.5448,0.25318,18001999872,6822374912,14236000256,3.419,0.688,
Burlington Stores Inc,Consumer Discretionary Distribution & Retail,BURL,0.45173,0.05534,449.561,0.349,0.134,0.09395,,224.009,37.2855,25.658005,251.83,249.56,245.43,249.73,1.635,15713789952,,0.04185,16.995,6.62,1.47,None,0.43078998,0.0446,961443968,311192736,1048715008,1.447,1.036,
BorgWarner Inc,Automobiles & Components,BWA,0.1183,0.050240003,61.639,1.189,-0.019,0.13046,0.012546336,33.5543,10.477477,7.535637,35.07,34.9,34.66,34.975,1.185,7946860032,0.44,0.04971,26.751,3.33,0.67,1.8867,0.18406999,0.09159,1871000064,1076249984,1370000000,0.541,1.617,
Blackstone Inc,Financial Services,BX,0.18929,0.087,67.958,0.946,-0.026,,0.02284059,129.9022,56.88168,25.388416,148.42,147.95,147.24,150.21,1.502,182025256960,3.39,0.20245,9.458,2.62,1.46,1.8273,0.94648004,0.42878,,,4077008896,-0.269,1.015,
Citigroup Inc,Banks,C,0.040370002,0.0034999999,,,0.006,,0.033063002,59.71695,17.535912,9.017045,64.12,64.0,63.115,64.11,1.434,121107144704,2.12,0.11892,99.701,3.62,1.12,0.7228,,0.24448,,,-16663000064,0.149,,
Caterpillar Inc,Capital Goods,CAT,0.62167,0.10467,217.735,0.701,-0.036,0.24382,0.01340266,338.91385,18.08664,17.442392,396.19,395.18,390.5,396.96,1.093,192329940992,5.31,0.16584998,35.327,21.93,3.38,3.0608,0.32724,0.24320999,16181999616,7383374848,13136000000,-0.034,1.284,
Cameco Corp,Energy,CCJ,0.04226,0.02378,25.386,1.199,0.242,0.22204,0.002372479,46.1754,117.41861,43.15385,50.58,50.18,49.92,50.675,0.899,22025959424,0.12,0.096999995,14.234,0.43,2.04,None,0.32208002,0.15412,588593024,222312000,709299008,1.667,3.221,
Colgate-Palmolive Co,Household & Personal Products,CL,7.5332503,0.16193001,1800.0,0.591,0.049,0.24168,0.01920792,93.1142,28.932943,25.577318,101.0,101.22,98.93,101.185,0.397,81087709184,1.94,0.14208001,0.151,3.43,3.15,2.2723,0.59698004,0.2151,4831000064,2848999936,3959000064,0.483,1.055,
Clearwater Paper Corp,Materials,CLW,0.07164,0.03768,176.207,0.698,0.118,0.10844,,40.34025,10.311787,20.545454,26.85,26.76,26.43,27.142,0.317,451059840,,0.021559998,39.575,2.63,25.68,None,0.13146,-0.00682,229400000,108875000,234100000,,1.734,
Chipotle Mexican Grill Inc,Consumer Services,CMG,0.43535,0.13741,115.274,1.59,0.182,0.20084,,56.09589,57.752476,44.869232,57.93,57.81,57.02,58.355,1.255,79881764864,,0.13225001,2.707,1.01,2.51,2.7038,0.41035998,0.19906001,2141595008,984370880,1877742976,0.333,1.712,
Centene Corp,Health Care Equipment & Services,CNC,0.10585,0.03782,64.202,1.123,0.036,0.04358,,74.28205,13.48776,9.784153,72.35,72.65,71.105,72.45,0.48,37674270720,,0.0196,51.998,5.31,0.93,0.6719,0.15447,0.046630003,6279000064,1974000000,2956999936,0.125,1.173,
Canadian National Railway Co,Transportation,CNI,0.27411,0.08325,107.622,0.316,0.067,0.51843,0.028696798,122.80705,18.654781,18.899836,113.95,114.27,114.1,115.89,0.649,72660787200,3.27,0.3202,30.737,6.17,4.95,None,0.55336,0.40425,8832000000,2548250112,6855000064,-0.006,0.635,
Canadian Pacific Railway Ltd,Transportation,CP,0.080979995,0.0423,50.474,0.39,0.135,0.51475,0.009446861,82.4106,29.743587,22.307692,80.45,80.42,80.01,81.385,0.786,75940028416,0.76,0.24463,47.017,2.73,4.04,None,0.52451,0.38384998,7328999936,2042749952,4656000000,-0.317,0.51,
Campbell Soup Co,Food Beverage & Tobacco,CPB,0.15203,0.06407,198.683,0.206,0.109,0.18504,0.031157896,45.5762,25.31217,14.0293255,47.5,47.76,47.555,48.17,0.174,14237949952,1.48,0.05884,12.732,1.89,2.97,1.4938,0.31309998,0.119490005,1783000064,576750016,1184999936,,0.612,
CRH PLC,Materials,CRH,0.15487,0.062,68.239,0.849,-0.006,0.18103,0.019766795,80.2838,18.854166,15.008291,90.05,89.65,89.13,90.955,1.383,61532938240,1.78,0.09771,30.319,4.8,1.29,1.8404,0.34846002,0.17941,6336000000,-765000000,4826999808,0.16,1.433,
Salesforce Inc,Software & Services,CRM,0.09734,0.04705,21.148,0.858,0.084,0.25627002,0.0027785494,270.93246,50.46435,26.047577,287.92,287.92,284.62,290.21,1.3,277402517504,0.8,0.15445,60.16,5.75,1.77,1.5786,0.7635,0.20181999,9345000448,12935749632,12074000384,0.148,1.041,
Corteva Inc,Materials,CTVA,0.03415,0.02885,18.583,1.073,0.011,0.19017,0.011504425,53.8342,44.88095,17.136364,56.5,56.02,55.66,56.62,0.774,39146565632,0.65,0.05313,36.301,1.26,1.65,1.0786,0.43683997,0.25736,3214000128,2345750016,2110000000,0.508,1.716,
CVS Health Corp,Health Care Equipment & Services,CVS,0.097279996,0.02873,111.598,0.598,0.025,0.04449,0.038502347,65.82645,11.895018,9.132513,65.97,67.38,66.65,67.67,0.532,84095967232,2.54,0.01987,59.658,5.62,-12.19,2.1444,0.14372,0.03031,16099999744,5576374784,8072000000,-0.048,0.86,
Chevron Corp,Energy,CVX,0.11761,0.06036,14.466,0.725,0.048,0.21011,0.041964587,152.9147,14.898121,12.818723,149.65,150.68,149.862,151.55,1.079,273337630720,6.28,0.09593,87.064,10.11,34.97,3.1344,0.39285,0.11894,41003999232,15963750400,35229999104,-0.241,1.157,
China Yuchai International Ltd,Capital Goods,CYD,,,,,0.124,0.055570003,,9.3375,10.2,9.272727,12.28,12.3577,12.14,12.36,1.016,500105568,,0.01811,225.818,1.2,6.35,None,0.16539,0.04239,1065934528,,,0.347,,
Dominion Energy Inc,Utilities,D,0.07542,0.024549998,156.34,0.229,0.101,0.48465002,0.04735722,51.011,23.120832,16.41716,56.38,56.58,55.471,56.86,0.603,46552670208,2.67,0.11589,30.662,2.4,0.98,1.2303,0.48049998,0.24986,7008999936,-7802500096,6216000000,-0.036,0.934,
Delta Air Lines Inc,Transportation,DAL,0.43806,0.050279997,209.196,0.28,0.069,0.1344,,45.0237,6.9750347,7.113154,50.83,50.51,49.29,51.48,1.358,32458123264,,0.074640006,17.371,7.21,0.98,None,0.21837,0.13327,8080000000,-508624992,6478000128,-0.292,0.403,
Deutsche Bank AG,Financial Services,DB,0.055859998,0.00312,,,0.015,,0.025714286,15.4285,9.7722225,6.065517,17.5,17.57,17.46,17.61,1.113,34301204480,0.45,0.14555,37.832,1.8,-5.33,7.6759,,0.05132,,,-48663998464,,,
Deere & Co,Capital Goods,DE,0.35481,0.07862,288.043,1.798,-0.168,0.25671,0.014205386,384.7485,13.829584,17.882769,405.48,404.77,401.86,406.55,0.932,111015936000,5.76,0.14698,84.291,29.34,-1.47,2.8698,0.34387,0.19016,14364000256,3000000000,9831999488,-0.383,2.078,
Diageo PLC,Food Beverage & Tobacco,DEO,0.35039002,0.08298001,186.255,0.499,-0.014,0.32054,0.0076928795,137.9991,19.411,18.681059,134.54,133.16,132.93,134.195,0.359,74512162816,1.035,0.19093001,4.518,6.91,5.94,1.7395,0.60541,0.27281,6496999936,1564249984,4104999936,-0.031,1.533,
Discover Financial Services,Financial Services,DFS,0.19443001,0.02014,119.17,1.111,0.476,,0.019559903,125.1442,12.510151,11.169426,143.15,142.19,141.5201,143.9,1.41,35586945024,2.8,0.26111,59.788,11.33,-1.45,3.6381,0.94175005,0.54488,,,9685999616,0.713,1.111,
Dollar General Corp,Consumer Staples Distribution & Retail,DG,0.20882,0.042519998,250.873,0.18,0.042,0.07625,0.028481776,128.44795,12.821152,13.085714,82.86,82.86,82.03,82.825,0.445,18129793024,2.36,0.03568,33.014,6.43,-6.82,1.8563,0.29666,0.05386,3025478912,1272441088,3317806080,-0.202,1.222,
The Walt Disney Co,Media & Entertainment,DIS,0.0546,0.03622,45.188,0.531,0.037,0.18606001,0.008012821,100.76275,35.628353,17.98646,93.6,93.72,92.6901,93.88,1.401,168645738496,0.75,0.053049996,55.409,2.61,1.23,0.4373,0.35358003,0.14913,16750999552,8273750016,13255000064,,0.716,
Digital Realty Trust Inc,Equity Real Estate Investment Trusts (REITs),DLR,0.05388,0.00936,79.371,1.538,-0.041,0.4363,0.03066675,146.45074,45.515762,114.28058,159.13,158.36,158.23,160.16,0.622,53035569152,4.88,0.20992,60.775,3.49,-10.76,9.4895,0.52709997,0.123789996,2335426048,2230602752,1746152960,-0.411,1.54,
Physicians Realty Trust,Equity Real Estate Investment Trusts (REITs),DOC,0.03723,0.015859999,94.667,1.462,0.275,0.54137003,0.055096418,19.7371,44.791668,76.78571,21.78,21.66,21.365,21.8,1.121,15031359488,1.2,0.11936,12.505,0.48,-4.94,4.0064,0.59389,0.15917,1305757056,712347776,953268992,1.305,2.356,
Dow Chemical Company,Materials,DOW,0.062480003,0.02784,94.638,0.874,-0.044,0.12196,0.052414827,55.01985,33.098766,15.104225,53.42,53.42,53.3,54.05,1.213,37583384576,2.8,0.026770001,26.134,1.62,1.02,0.5463,0.11778,0.066149995,5248000000,2228624896,4614000128,-0.089,1.751,
DXC Technology Co,Software & Services,DXC,0.020580001,0.00847,156.043,1.054,-0.061,0.10344,,20.21265,46.302326,6.4019294,20.26,20.15,19.73,20.17,1.68,3599986688,,0.00602,15.765,0.43,1.26,None,0.2291,0.03801,1392000000,954249984,1472000000,-0.176,1.213,
Endeavor Group Holdings,Media & Entertainment,EDR,-0.03378,-0.0097,51.051,0.313,0.341,0.04713,0.008210742,26.27505,,12.455319,29.23,29.19,29.1,29.27,0.779,8979890176,0.24,-0.060960002,14.435,-0.37,0.69,None,0.58213,0.06366,314316992,132620128,464768000,,0.618,
New Oriental Education & Technology Group Inc,Consumer Services,EDU,0.08271,0.03146,16.358,1.656,0.321,0.106000006,,78.012,41.7,16.905405,74.73,75.26,73.93,76.33,0.466,12423480320,,0.07177,22.919,1.8,76.59,2.3305,0.52453,0.00926,457244992,673920384,1122642944,0.026,1.796,
The Estee Lauder Companies Inc,Household & Personal Products,EL,0.06973,0.04377,184.908,0.898,0.073,0.15402001,0.028175028,121.6662,87.90741,23.099756,93.7,93.74,93.125,94.95,1.002,34080993280,2.64,0.02499,14.815,1.08,1.4,2.0931,0.71668,0.08835,2404000000,1509624960,2360000000,,1.389,
Eastman Chemical Co,Materials,EMN,0.16035,0.045560002,90.121,0.678,0.017,0.17208,0.029347429,96.2737,14.819651,12.358025,109.72,109.72,109.085,110.765,1.453,12867454976,3.22,0.09653,48.172,7.43,1.15,1.5524,0.22729,0.15362,1574000000,404375008,1316999936,-0.145,1.402,
Enbridge Inc,Energy,ENB,0.08574,0.030650001,131.26,0.523,0.087,0.32161,0.08804108,36.76085,21.403143,18.497738,40.89,40.92,40.665,41.065,0.904,89260670976,3.6,0.13543999,27.749,1.91,30.62,None,0.52429,0.20475,13994999808,3993499904,12860999680,-0.055,0.765,
Energy Transfer LP,Energy,ET,0.14421,0.050380003,127.333,0.882,0.132,0.16572,0.07775046,15.46585,13.747899,10.487181,16.27,16.29,16.25,16.45,1.645,55987683328,1.265,0.05335,9.035,1.19,0.75,0.5195,0.18049,0.11327,13859000320,5222000128,9710999552,0.391,1.145,
Extra Space Storage Inc,Equity Real Estate Investment Trusts (REITs),EXR,0.08825,0.045440003,77.487,0.396,0.578,0.68135,0.03767223,154.53,46.258854,35.368748,172.01,170.99,169.45,172.72,0.871,37442772992,6.48,0.24956,66.875,3.67,6.61,5.2157,0.74304,0.45497,2193652992,892436224,1783746944,-0.414,2.15,
Ford Motor Co,Automobiles & Components,F,0.08754,0.00803,350.717,0.956,0.063,0.05431,0.05649718,11.9247,11.125001,5.6808515,10.62,10.58,10.54,10.7,1.631,42455670784,0.6,0.021270001,10.96,0.96,2.4,0.8696,0.08038,0.0374,9793999872,-1641624960,13976000512,-0.022,1.166,
FTI Consulting Inc,Commercial & Professional Services,FCN,0.16674,0.08131,14.519,1.985,0.098,0.12906,,212.74045,24.106522,23.543524,224.33,223.1,221.1,223.01,0.094,7962390016,,0.08899,60.92,9.2,3.35,None,0.32992,0.10967,476953984,307883616,350068992,0.337,2.198,
Freeport-McMoRan Inc,Materials,FCX,0.16131,0.081199996,32.859,1.113,0.155,0.37643,0.012277472,45.466,37.24812,22.72477,48.87,48.915,48.5101,49.825,1.895,71182049280,0.6,0.078260005,12.103,1.33,3.03,None,0.40699002,0.30933002,9287999488,251750000,6408000000,0.826,2.399,
FirstEnergy Corp,Utilities,FE,0.08081,0.02641,174.468,0.293,0.091,0.29032,0.038425382,39.5521,27.134617,14.6470585,42.55,42.65,42.2,42.86,0.489,24378779648,1.635,0.06708,21.659,1.56,2.5,1.3241,0.69297,0.17042999,3778500096,-2047562496,2672000000,-0.809,0.513,
Fair Isaac Corp,Software & Services,FICO,,0.2665,,1.761,0.123,0.43222,,1437.7585,104.174286,66.63935,2024.99,2008.28,1979.36,2007.83,1.352,48657453056,,0.28942,-33.761,19.05,3.42,1.8808,0.79348,0.42481,714657984,498342880,570534976,-0.006,1.872,
Foot Locker Inc,Consumer Discretionary Distribution & Retail,FL,-0.11882,0.01268,100.759,0.206,0.019,0.04257,0.01713062,26.6746,,11.206731,23.35,23.24,22.94,23.729,1.416,2210997760,0.4,-0.044770002,30.546,-3.88,0.62,None,0.27662,0.00211,347000000,146875008,401000000,,1.659,
FMC Corp,Materials,FMC,0.36833,0.02569,94.352,0.901,0.024,0.16563,0.03774813,60.02775,5.160684,12.846809,61.46,61.14,59.93,61.21,0.855,7536873472,2.32,0.33968,36.527,11.7,1.16,None,0.38064,0.15158,676499968,535150016,490700000,8.827,1.479,
Fortis Inc,Utilities,FTS,0.07438,0.03086,128.592,0.413,0.029,0.44979,0.05387633,40.8396,18.431625,17.67623,43.34,43.26,42.945,43.41,0.229,21416116224,2.335,0.14352,42.662,2.34,9.96,None,0.444,0.28315002,5123999744,-382124992,3268000000,0.106,0.689,
General Dynamics Corp,Capital Goods,GD,0.17079,0.04946,50.458,0.717,0.18,0.11416,0.01834678,285.02563,23.092823,18.040829,298.69,298.5,295.02,298.615,0.606,81348018176,5.48,0.07887,80.325,12.82,1.45,1.6673,0.15672,0.09736,5130999808,1367000064,3048999936,0.207,1.332,
General Electric Co,Capital Goods,GE,0.16128999,0.02891,110.529,0.805,0.039,0.12525,0.0038038886,149.96758,50.706196,35.969406,189.28,188.15,187.3921,189.75,1.181,203980390400,0.72,0.06836,17.152,3.71,1.5,1.9183,0.22734,0.20763001,8693999616,4618999808,6857999872,,1.141,
The GEO Group Inc,Commercial & Professional Services,GEO,0.03164,0.056020003,145.513,1.107,0.022,0.18677,,13.3059,55.44,11.177419,13.62,13.52,13.36,13.935,0.644,1935271808,,0.01646,9.431,0.25,0.97,1.1268,0.27068,0.13199,452718016,148399376,290006016,,1.261,
General Mills Inc,Food Beverage & Tobacco,GIS,0.24168,0.07251,139.823,0.317,-0.012,0.21285,0.033160765,67.87105,16.976192,15.170214,71.47,71.77,71.161,72.49,0.091,39582834688,2.37,0.12136,16.689,4.2,4.71,3.634,0.34652,0.175,4214599936,2196512512,3548699904,-0.096,0.66,
General Motors Co,Automobiles & Components,GM,0.1463,0.02646,179.035,0.912,0.072,0.10094,0.008762779,43.4329,5.358427,4.826923,47.93,47.62,47.36,47.96,1.432,53599744000,0.42,0.0622,62.394,8.9,0.37,16.6571,0.117510006,0.08103,17976999936,558625024,19381000192,0.393,1.175,
Globus Medical Inc,Health Care Equipment & Services,GMED,0.01365,0.061139997,13.355,1.394,1.159,0.25926,,61.685,348.95,21.021086,70.44,69.86,69.21,70.2199,1.175,9450055680,,0.01819,29.377,0.2,1.49,1.8799,0.67661005,0.18724,579852032,-227960000,261803008,-0.596,2.423,
Garmin Ltd,Consumer Durables & Apparel,GRMN,0.20961,0.09335,1.922,1.877,0.141,0.2532,0.018147722,154.3904,23.207283,25.030212,165.31,164.41,163.1,165.98,1.006,31849859072,3.0,0.24360001,36.437,7.14,2.82,5.5411,0.57676,0.22701,1430164992,1053523520,1513979008,0.04,2.892,
Goldman Sachs Group Inc,Financial Services,GS,0.0949,0.0069700005,585.382,1.463,0.211,,0.021774417,440.60583,16.155228,12.161275,505.18,506.31,499.59,506.8,1.35,159074779136,11.0,0.2299,321.93,31.18,0.53,3.5504,0.83638,0.33087003,,,-75809996800,1.793,1.59,
GlaxoSmithKline PLC,Pharmaceuticals Biotechnology & Life Sciences,GSK,0.33299,0.09557,123.043,0.529,0.098,0.34927,0.014910537,41.2258,13.246621,8.713333,40.24,40.29,39.055,40.37,0.309,79968403456,0.6,0.12825,3.523,2.96,2.01,1.2301,0.72776,0.28094998,10983000064,5496875008,7479000064,-0.282,0.824,
Hyatt Hotels Corp,Consumer Services,H,0.25869,0.01568,108.175,0.746,-0.065,0.10566,0.0038953451,146.1714,16.548283,36.28941,154.03,153.34,152.96,154.77,1.501,15219031040,0.6,0.14845,38.382,9.32,1.95,0.7942,0.68057,0.18583,694000000,330375008,848000000,4.492,0.824,
Home Depot Inc,Consumer Discretionary Distribution & Retail,HD,5.13362,0.1527,1479.819,0.253,0.006,0.1616,0.021246424,358.99976,27.551075,26.245838,416.07,409.72,407.63,414.4,1.008,407210393600,8.84,0.09713,4.451,14.88,7.28,4.5571,0.33595002,0.15134,24578000896,12154999808,19872999424,-0.011,1.148,
Hess Corp,Energy,HES,0.30075002,0.11472,88.242,1.106,0.399,0.55513,0.0126372045,145.60085,16.231663,15.106175,138.48,139.19,138.55,140.29,1.162,42960474112,1.75,0.21903999,34.149,8.59,1.77,0.683,0.76523,0.38241002,6705999872,152124992,5107999744,5.326,1.269,
Honda Motor Co Ltd,Automobiles & Components,HMC,0.0934,0.03185,82.984,1.014,0.169,0.13161,2.162162,33.18465,6.6989474,6.4153223,31.45,31.69,31.57,31.82,0.515,49700610048,68.0,0.05369,2780.999,4.75,0.34,None,0.21743,0.08968,2791233028096,1035866865664,469892988928,0.12,1.37,
Harley-Davidson Inc,Automobiles & Components,HOG,0.20142001,0.03845,219.833,1.233,0.12,0.15601,0.019876326,36.45965,6.8340077,7.3711786,33.96,33.77,33.54,34.065,1.458,4443524608,0.675,0.11387999,26.119,4.94,1.62,2.1151,0.28735,0.15871,928387968,1440069888,922009024,0.336,1.498,
H&R Block Inc,Consumer Services,HRB,9.75009,0.16,2169.391,1.148,0.03,0.25678,0.020732101,52.70635,14.683576,11.873047,61.74,61.22,60.045,61.355,0.677,8409628672,1.28,0.16489,0.649,4.14,1.17,0.2584,0.44837,0.33015,927060992,598984128,720860032,-0.076,1.268,
The Hershey Co,Food Beverage & Tobacco,HSY,0.47917998,0.13474,143.695,0.338,-0.167,0.27409,0.027405467,193.2658,20.7949,20.25594,186.97,187.3,186.7552,189.33,0.361,37943160832,5.124,0.1676,19.824,9.02,15.49,3.953,0.45426998,0.15658,3018906880,887561728,2168122112,-0.551,0.858,
Intercontinental Exchange Inc,Financial Services,ICE,0.09365,0.01906,82.748,0.028,0.227,0.60651,0.010758006,141.1919,39.86352,23.521229,161.74,161.67,159.815,161.94,1.09,92235915264,1.74,0.26251,46.574,4.03,2.7,2.5079,1.0,0.46655,5344000000,7447374848,3942000128,-0.225,0.995,
Imax Corp,Media & Entertainment,IMAX,0.0847,0.033069998,86.039,3.06,-0.092,0.22674,,17.23365,51.71795,16.532787,19.35,19.29,19.275,20.18,1.25,1062487040,,0.05974,5.072,0.39,0.98,1.2646,0.55786,0.03108,81174000,56248248,56830000,-0.546,3.504,
IQVIA Holdings Inc,Pharmaceuticals Biotechnology & Life Sciences,IQV,0.22837,0.05025,202.458,0.751,0.023,0.18337,,232.0928,29.941483,18.508842,228.79,227.0,226.15,232.85,1.494,41974575104,,0.0939,36.829,7.69,2.0,1.1406,0.35097,0.14368,2779000064,1639624960,2440000000,0.239,0.849,
Iron Mountain Inc,Equity Real Estate Investment Trusts (REITs),IRM,0.81127,0.0422,30119.252,0.657,0.13,0.33445,0.021321272,87.9476,150.65822,56.407585,120.49,120.0,118.38,120.59,1.026,34912849920,2.569,0.039419997,-0.453,0.79,13.4,None,0.56648,0.18841,1946280960,-399003360,1179687936,308.278,0.794,
Johnson & Johnson,Pharmaceuticals Biotechnology & Life Sciences,JNJ,0.22146,0.080979995,57.999,0.765,0.043,0.35849,0.029940866,155.9304,24.282904,15.27212,160.65,161.36,159.995,161.39,0.518,386386067456,4.81,0.43912998,29.723,6.61,2.44,0.9405,0.6943,0.29821,31036999680,19137374208,24642000896,-0.016,1.072,
JPMorgan Chase & Co,Banks,JPM,0.16545,0.01349,,,0.317,,0.020616625,195.8052,11.863991,12.829415,213.42,214.81,211.5,214.69,1.102,605563846656,4.4,0.33558,111.295,17.94,7.0,4.2356,,0.50594,,,-10339000320,0.288,,
Kellogg Co,Food Beverage & Tobacco,K,0.22856002,0.05696,188.299,0.405,-0.047,0.14788,0.028301887,62.49,32.08765,82.18367,80.56,80.59,80.51,80.61,0.394,27759480832,2.28,0.07074,9.661,2.51,-0.49,1.6327,0.34443,0.15695,1896000000,488500000,1740999936,-0.034,0.727,
KeyCorp,Banks,KEY,0.06,0.00449,,,-0.004,,0.04860699,15.0065,22.157896,11.152318,16.87,16.74,16.62,16.906,1.237,15629472768,0.82,0.14997,13.029,0.76,0.98,0.701,,0.23692,,,1744999936,-0.073,,
KKR & Co Inc,Financial Services,KKR,0.10172,0.01905,86.649,1.708,0.121,,0.0050389036,104.92555,31.545025,22.003304,134.95,134.51,133.03,135.25,1.616,122737696768,0.68,0.14583,24.422,4.22,0.96,0.9142,0.52533,0.239,,,7963471872,-0.238,1.773,
Kinder Morgan Inc,Energy,KMI,0.08012,0.037750002,101.029,0.237,0.02,0.42073002,0.048551958,19.36295,21.761467,18.825396,23.48,23.54,23.36,23.83,0.921,52645593088,1.14,0.15932,13.669,1.09,2.57,1.7214,0.49671,0.278,6462000128,-299000000,6483999744,-0.009,0.368,
CarMax Inc,Consumer Discretionary Distribution & Retail,KMX,0.06853,0.01539,314.637,0.349,-0.002,0.03349,,75.5544,26.733082,19.167116,71.2,70.75,69.95,71.655,1.683,11016645632,,0.01508,39.783,2.66,3.88,1.0983,0.11958,0.02696,926968000,894939136,1021150976,0.135,2.254,
Coca-Cola Co,Food Beverage & Tobacco,KO,0.38772,0.086490005,164.398,0.805,0.033,0.32082,0.027166883,63.7098,28.150406,22.704918,69.57,69.83,68.985,69.91,0.608,298458513408,1.89,0.22916001,6.0,2.46,4.03,2.8475,0.60534,0.32452,14906999808,11708250112,11082999808,-0.05,1.08,
Quaker Chemical Corp,Materials,KWR,0.09084,0.05077,55.201,1.75,-0.064,0.16129999,0.011287522,183.59045,23.260174,16.739538,161.24,159.13,159.5,160.92,1.366,2866489344,1.82,0.065560006,77.758,6.88,1.82,None,0.3764,0.12577,305031008,229037744,236502000,0.19,2.625,
Loews Corp,Insurance,L,0.09997,0.01908,55.642,0.496,0.085,0.17858,0.0031948881,76.03415,11.467742,26.968964,78.25,78.97,77.86,79.24,0.816,17167642624,0.25,0.09142,74.572,6.82,,None,0.36315,0.13921,2979000064,1616875008,2904000000,0.055,0.496,
Lithium Americas,Materials,LAC,-0.053319998,-0.034059998,0.692,19.851,,,,4.0282,,-267.0,2.69,2.7,2.62,2.71,,582057344,,,3.05,-0.12,,None,,,-28553668,-228775872,-14860000,,20.145,
Lazard Ltd,Financial Services,LAZ,0.31160998,0.03736,445.127,2.181,0.061,,0.04040404,41.6625,30.870369,12.628787,49.5,48.5,48.0686,50.36,1.376,4509376512,2.0,0.056209996,5.087,1.62,2.72,None,0.89425004,0.09034,,,461339008,,2.509,
LCI Industries Inc,Automobiles & Components,LCII,0.08767,0.04033,77.655,1.072,0.039,0.085710004,0.035520975,113.33505,23.87631,15.774239,118.24,116.31,113.275,116.36,1.418,2899889920,4.2,0.03174,54.764,4.77,1.01,None,0.22578,0.08592,327372992,338108736,438945984,0.832,2.819,
Lockheed Martin Corp,Capital Goods,LMT,0.87394994,0.09983,311.854,1.047,0.086,0.14306,0.02057477,484.25504,21.69535,20.986652,605.11,606.11,596.22,607.05,0.47,142416510976,12.45,0.09478,26.055,27.54,5.04,5.1335,0.12164,0.12465999,10167000064,5801750016,8766999552,0.033,1.242,
Lowe's Companies Inc,Consumer Discretionary Distribution & Retail,LOW,,0.14649999,,0.239,-0.055,0.14797,0.016054548,234.8041,22.579338,21.563536,277.18,272.82,270.99,275.05,1.093,154990395392,4.45,0.08248,-24.231,12.1,8.9,4.2702,0.33209,0.14615,12433000448,6081750016,9587000320,-0.086,1.224,
Southwest Airlines Co,Transportation,LUV,0.0073400005,0.0064700004,87.043,0.804,0.045,0.064,0.029373368,28.8917,233.53847,22.0,30.64,30.04,30.0103,30.8,1.162,18190405632,0.9,0.0028900001,17.466,0.13,4.65,0.4577,0.21711999,0.05412,1730000000,-1636625024,913000000,-0.463,0.903,
Las Vegas Sands Corp,Consumer Services,LVS,0.47807997,0.07909,352.799,1.528,0.086,0.35266998,0.015405353,46.56905,24.41784,18.708633,51.93,51.94,51.55,52.29,1.127,38301827072,0.8,0.14077,5.101,2.13,1.6,0.7063,0.76912004,0.21985,4031000064,1698875008,3372999936,0.168,1.583,
Macy's Inc,Consumer Discretionary Distribution & Retail,M,0.04323,0.051069997,139.716,0.239,-0.035,0.08239,0.043883495,18.12835,23.753847,5.938462,15.45,15.36,15.19,15.5481,2.145,4282638848,0.678,0.00783,15.513,0.65,0.47,0.1012,0.41030997,0.03709,1936999936,279124992,1171000064,,1.476,
Mastercard Inc,Financial Services,MA,1.8770399,0.23647,208.567,0.741,0.11,0.61554,0.0051005096,460.09866,38.016792,29.947084,499.95,500.0,495.84,500.7234,1.103,460088311808,2.55,0.46449003,8.018,13.1,2.12,1.8095,1.0,0.59388,16243999744,12009624576,12172999680,0.167,1.14,
McDonald's Corp,Consumer Services,MCD,,0.14106,,0.817,-0.001,0.53462005,0.021492284,278.4913,26.600176,23.808928,303.83,304.03,302.93,305.75,0.726,218100957184,6.53,0.3225,-6.725,11.43,5.51,2.6891,0.56971,0.46655998,13770500096,6291212288,9596900352,-0.111,1.075,
McKesson Corp,Health Care Equipment & Services,MCK,,0.04236,,0.462,0.064,0.0164,0.0049390583,537.28656,22.620644,14.176702,502.12,504.0,501.8968,508.42,0.433,65648979968,2.48,0.009430001,-13.534,22.38,1.14,1.4708,0.04052,0.014520001,5144000000,3764624896,3985999872,-0.003,0.926,
Moody's Corporation,Financial Services,MCO,0.5131,0.11366,185.449,1.389,0.216,0.47338,0.006849315,417.73294,46.291912,36.275116,473.04,472.0,467.78,473.31,1.287,85470232576,3.24,0.28345,20.749,10.14,2.76,2.2626,0.73013,0.43643,3103000064,1811874944,2400000000,0.473,1.516,
MetLife Inc,Insurance,MET,0.10122,0.00418,174.129,1.292,0.072,0.07625,0.024899457,72.29625,22.834238,8.557027,84.54,84.7,83.85,84.94,1.031,58848309248,2.105,0.0423,38.723,3.68,0.85,0.1473,0.2383,0.07165,5244000256,-1989250048,14474999808,1.667,1.533,
McCormick & Co Inc,Food Beverage & Tobacco,MKC,0.15067,0.05164,84.828,0.274,-0.003,0.19018999,0.020700037,73.1923,27.136053,25.488817,79.71,79.94,79.52,80.045,0.76,21412472832,1.65,0.11868,20.203,2.94,3.34,2.6358,0.38483003,0.17282,1270200064,588337472,1040400000,0.317,0.714,
Movado Group Inc,Consumer Durables & Apparel,MOV,0.07324,0.03362,18.687,2.704,-0.007,0.07202,0.07494646,25.5194,11.616351,7.271653,18.68,18.64,18.375,18.65,1.013,410432928,1.4,0.0545,22.687,1.59,1.41,None,0.54423,0.019019999,47771000,19043124,31642000,-0.556,4.405,
Merck & Co Inc,Pharmaceuticals Biotechnology & Life Sciences,MRK,0.33383,0.113809995,86.574,0.933,0.072,0.37823,0.02720595,122.7717,20.259258,11.278351,110.27,110.7,109.17,110.685,0.399,277308243968,3.0,0.21985,17.188,5.4,0.16,0.0748,0.75787,0.43550998,23631998976,11793750016,16689999872,,1.466,
Morgan Stanley,Financial Services,MS,0.10401,0.008880001,401.015,1.705,0.124,,0.03186904,95.2061,17.776316,14.146597,109.04,108.44,107.65,109.03,1.356,174858305536,3.475,0.18556,56.8,6.08,0.85,3.5467,0.86533,0.33561,,,-7120000000,0.468,2.069,
M&T Bank Corp,Banks,MTB,0.086969994,0.01132,,,-0.122,,0.029305052,151.15366,13.284867,11.129894,179.15,179.17,177.575,179.54,0.745,29906538496,5.25,0.2783,153.576,13.48,2.94,None,,0.42054,,,4182000128,-0.262,,
Norwegian Cruise Line Holdings Ltd,Consumer Services,NCLH,1.1863301,0.03893,2036.184,0.121,0.076,0.23697,,18.12615,23.731958,11.865979,23.07,22.94,22.8,23.37,2.718,10121687040,,0.046240002,1.576,0.97,0.29,0.3282,0.37854,0.14397,2153138944,-652946752,1947163008,0.776,0.239,
National Fuel Gas Co,Utilities,NFG,0.105399996,0.05627,86.305,0.514,-0.026,0.62035,0.03377808,54.47215,17.350725,9.701783,59.21,59.31,59.335,59.86,0.638,5468623872,2.0,0.16419001,33.986,3.45,1.48,None,0.65788,0.36611998,1204521984,-130627000,1049977984,,0.772,
Natural Gas Services Group Inc,Energy,NGS,0.055409998,0.041750003,66.352,1.593,0.428,0.4134,,19.3409,19.066038,15.195488,20.45,20.36,20.12,20.48,1.027,251956032,,0.09246001,19.784,1.06,0.64,None,0.53801996,0.22184,59111000,-67438000,26509000,7.5,2.336,
Nike Inc,Consumer Durables & Apparel,NKE,0.3798,0.106479995,86.962,1.417,-0.104,0.14399,0.017950274,90.8729,23.524355,25.339506,82.45,83.4,82.03,83.45,1.017,122205847552,1.48,0.10599,9.352,3.49,6.68,4.1223,0.44965,0.104320005,7200999936,6579250176,7888999936,-0.255,2.356,
Northrop Grumman Corp,Capital Goods,NOC,0.15349,0.039690003,127.026,0.928,0.067,0.105579995,0.014411064,471.72134,34.248863,19.056038,532.23,532.21,525.95,531.62,0.337,77084278784,7.67,0.05608,97.642,15.39,2.4,0.9384,0.16804,0.12302,4304000000,2298625024,4376999936,0.191,1.105,
NOV Inc,Energy,NOV,0.17554002,0.050019998,37.313,1.54,0.059,0.13664,0.014124293,18.32075,6.0827065,9.193182,15.93,16.0,15.89,16.33,1.676,6370179584,0.225,0.11878,16.202,2.66,0.31,None,0.22733,0.14125,1216000000,440249984,771000000,0.462,2.607,
Nutrien Ltd,Materials,NTR,0.0322,0.03274,53.142,0.762,-0.13,0.18112,0.04364675,51.6851,30.64375,12.319095,49.03,48.72,48.12,49.11,0.954,24316037120,2.14,0.030569999,50.792,1.6,-0.58,None,0.30357,0.15752,4680000000,2029874944,5000999936,-0.124,1.26,
Novo Nordisk,Pharmaceuticals Biotechnology & Life Sciences,NVO,0.88572,0.22798,50.71,0.739,0.253,0.49054,0.08461538,127.46225,39.840675,28.05012,117.0,117.98,117.115,118.44,0.148,523925258240,9.9,0.34844002,25.242,2.95,84.1,1.7956,0.84528,0.4648,126561001472,54488375296,115333996544,0.039,0.945,
Novartis AG,Pharmaceuticals Biotechnology & Life Sciences,NVS,0.21496001,0.08862001,69.178,0.612,0.096,0.39492,0.03388966,105.7704,23.478527,13.7497,115.64,115.64,114.58,115.71,0.498,232442019840,3.919,0.33105,20.613,4.89,2.0,1.7445,0.75549006,0.33405998,19296000000,14813249536,15064999936,0.43,0.931,
ONEOK Inc,Energy,OKE,0.21406999,0.07818,130.906,0.343,0.311,0.27446,0.041424803,80.4499,20.949116,16.729683,94.75,95.05,94.29,95.5,1.631,55305965568,3.925,0.13409,28.608,4.52,6.29,3.1182,0.37756002,0.25112,5241999872,1250875008,4454000128,0.279,0.622,
Oppenheimer Holdings Inc,Financial Services,OPY,0.07549,0.01932,163.406,1.234,0.069,,0.01301384,44.4657,8.748161,18.589844,48.41,48.09,47.39,48.26,1.132,491714144,0.63,0.05006,78.631,5.44,,None,0.90139,0.13261,,,-62313000,,1.328,
Oracle Corp,Software & Services,ORCL,1.55578,0.072909996,749.978,0.591,0.069,0.40515,0.008994322,129.34904,45.208763,24.498604,177.89,177.65,174.1801,178.3,1.008,486071631872,1.6,0.20396,3.903,3.88,2.42,2.1241,0.71310997,0.30517998,21802999808,10339500032,19125999616,0.198,0.72,
Prestige Consumer Healthcare Inc,Pharmaceuticals Biotechnology & Life Sciences,PBH,0.12979001,0.061869998,65.616,1.805,-0.044,0.32388002,,68.3791,16.726162,14.432491,68.28,67.79,67.32,68.41,0.473,3390221824,,0.18427,33.919,4.09,1.93,2.233,0.56088,0.26969,360536992,181263376,255615008,-0.075,3.231,
PG&E Corp,Utilities,PCG,0.09972,0.02319,228.678,0.725,0.132,0.3392,0.0015337423,17.7908,16.709402,13.209458,19.56,19.61,19.45,19.775,1.015,51127156736,0.03,0.10167,12.282,1.17,1.5,1.4389,0.36091,0.20982,8403999744,-6309499904,5258999808,0.263,0.903,
Pfizer Inc,Pharmaceuticals Biotechnology & Life Sciences,PFE,-0.02737,0.0094,79.407,0.506,0.021,0.18059999,0.05498509,28.204,,10.258741,30.19,29.89,29.28,30.08,0.617,166260965376,1.66,-0.04704,15.476,-0.46,0.6,0.2225,0.60164,0.22397,9962999808,3442500096,8005000192,-0.982,0.863,
Procter & Gamble Co,Household & Personal Products,PG,0.30677,0.10767,66.706,0.464,-0.001,0.28373,0.022620665,163.3648,28.111479,22.738897,169.27,168.8,168.38,169.7494,0.407,396983500800,3.829,0.17705,20.996,6.01,3.75,3.4578,0.51689,0.21395999,23843999744,13313375232,19846000640,-0.071,0.735,
POSCO,Materials,PKX,0.022850001,0.015319999,48.333,1.375,-0.08,0.08675,145.15895,73.0165,23.47931,9.9838705,68.89,68.13,67.62,68.16,1.331,20957216768,10000.0,0.018229999,730759.06,2.9,0.52,None,0.07828,0.04066,6435475816448,-952216125440,7118074675200,-0.323,2.027,
Planet Fitness Inc,Consumer Services,PLNT,,0.06547,,1.516,0.046,0.44458,,70.62915,44.197803,28.323946,80.45,79.89,79.37,80.54,1.495,6850833920,,0.15188,-3.76,1.82,0.17,None,0.5989,0.31114998,460803008,158570368,340872000,0.167,1.815,
Douglas Dynamics Inc,Capital Goods,PLOW,0.12154,0.05489,115.777,1.021,-0.036,0.13219,0.044986654,25.3216,21.848738,13.0,26.23,26.0,25.7,26.11,1.19,600444032,1.18,0.050279997,10.248,1.19,1.16,0.9774,0.24716999,0.1816,75865000,48484000,59582000,0.01,2.026,
PNC Financial Services Group Inc,Banks,PNC,0.10338,0.009459999,,,0.006,,0.033829868,161.25604,15.357621,12.4066305,183.27,182.68,182.24,184.425,1.127,72888836096,6.2,0.25526,116.705,11.94,2.01,3.8839,,0.35143003,,,7772000256,0.008,,
Prudential Financial Inc,Insurance,PRU,0.09594,0.0032,143.358,0.66,0.103,0.06376,0.0417622,113.95665,15.542784,8.3015,122.12,122.9,121.07,122.98,1.285,43446898688,5.1,0.04611,78.323,7.83,0.95,0.5172,0.27352,0.09507,3942333440,17848000512,9018000384,1.377,0.749,
Public Storage,Equity Real Estate Investment Trusts (REITs),PSA,0.20954001,0.07545,95.888,0.928,0.045,0.71885,0.034486722,298.2679,32.059044,32.209984,347.96,347.01,341.03,348.11,0.672,59868409856,12.0,0.44637,30.611,10.67,59.18,10.4596,0.73856,0.47963002,3349156096,2215985408,3228219904,-0.113,0.981,
Phillips 66,Energy,PSX,0.16921,0.04768,65.428,0.73,0.087,0.0511,0.031918053,141.90425,11.699828,12.323397,134.72,135.42,134.21,137.08,1.318,57101180928,4.3,0.03372,70.371,11.66,-2.47,None,0.10974,0.02665,7760000000,2637125120,6736000000,-0.359,1.145,
Ritchie Bros Auctioneers Inc,Commercial & Professional Services,RBA,0.066139996,0.04034,80.04,0.791,-0.009,0.28393,0.013613861,75.43445,43.664833,16.054546,80.8,80.71,79.28,80.39,0.925,14685977600,1.1,0.08675,27.982,1.82,1.6,None,0.47748002,0.18767,1198599936,728662528,956200000,0.286,1.295,
Rogers Communications-CL B,Telecommunication Services,RCI,0.07926,0.04198,436.498,0.511,0.009,0.43490002,0.052301254,41.03275,32.2605,9.9973955,38.24,38.03,37.95,38.43,0.615,20810913792,2.0,0.04304,19.926,1.19,2.25,None,0.45439,0.23346001,8881000448,2150874880,5784999936,2.677,0.647,
Regions Financial Corp,Banks,RF,0.103360005,0.0113,,,0.156,,0.041594453,20.17085,12.943821,10.378379,23.08,23.05,22.935,23.3,1.186,21084481536,0.96,0.26551,16.953,1.78,5.33,7.4131,,0.46976003,,,2272000000,,,
Raytheon Technologies Corp,Capital Goods,RTX,0.03648,0.01915,71.795,0.602,0.077,0.12728,0.019362647,103.24335,71.476746,20.088236,123.95,123.63,122.4114,124.07,0.543,163539714048,2.4,0.031240001,44.29,1.72,2.01,0.8339,0.16383,0.09203,9217000448,9408374784,11102000128,-0.911,0.993,
SAP SE,Software & Services,SAP,0.061,0.065749995,20.82,0.984,0.098,0.24909,0.009611185,193.7317,95.24153,33.25,228.9,224.89,223.7,225.4999,0.921,262983155712,2.2,0.07863,35.707,2.36,3.2,2.6452,0.72744006,0.23417,8105999872,9452000256,7389000192,-0.725,1.12,
Spirit Airlines Inc,Transportation,SAVE,-0.59346,-0.045089997,914.665,0.699,-0.106,-0.09337,,4.76295,,-0.37582418,1.72,1.73,1.68,1.8,1.376,187275792,,-0.13201,7.393,-6.2,0.01,None,0.09927,-0.13033,-478670016,-472661248,-647366016,,0.943,
Charles Schwab,Financial Services,SCHW,0.11995,0.01012,141.56,0.435,0.007,,0.014992504,68.34885,27.770832,17.726065,66.7,66.4,66.2504,67.15,0.963,121925517312,1.0,0.26438,19.011,2.4,1.53,1.0518,0.96695,0.38316002,,,9425000448,0.031,0.435,
SJW Group,Utilities,SJW,0.07127,0.0249,139.345,0.447,0.123,0.39172,0.027556967,57.67015,20.648352,19.108475,56.61,56.38,55.92,56.7,0.619,1843952896,1.56,0.12478,39.016,2.73,2.78,3.5993,0.57605,0.23561001,274881984,-100062752,193999008,0.101,0.495,
Snap-on Inc,Capital Goods,SNA,0.20966999,0.11549,24.146,2.89,-0.004,0.28831,0.025047833,278.5445,14.880978,14.36578,287.45,287.68,285.0,287.87,0.974,15083583488,7.2,0.20218,100.393,19.24,3.91,1.9594,0.51388,0.2876,1473200000,906062528,1232099968,0.037,4.061,
Snowflake Inc,Software & Services,SNOW,-0.21624,-0.10785,7.56,1.494,0.289,-0.35246,,153.5797,,133.10753,119.67,119.48,119.15,123.86,0.833,41494409216,,-0.31733,12.319,-3.06,19.56,2.1107,0.67835,-0.40895,-1130114944,1212240640,890819968,,1.582,
Southern Co,Utilities,SO,0.1268,0.03387,181.438,0.451,0.124,0.48534,0.031710334,77.25,21.06444,20.430555,88.93,88.97,88.21,89.8,0.51,96606748672,2.82,0.17632,29.646,4.19,3.02,2.9111,0.49633,0.32369,12684000256,-1471250048,8652000256,0.434,0.914,
SONY Group Corporation,Consumer Durables & Apparel,SONY,0.13113,0.02244,51.21,0.383,0.016,0.121920004,0.89238846,17.78533,17.462963,15.209678,19.05,18.91,18.715,18.94,0.82,114306318336,17.0,0.07534,1290.486,1.08,2.76,4.0118,0.26299,0.092130005,1593401016320,1976987811840,1259596939264,0.078,0.632,
Spotify Technology SA,Media & Entertainment,SPOT,0.14762999,0.05076,43.813,1.414,0.198,0.05169,,291.55365,151.80724,42.28188,373.98,375.0,375.0,382.7675,1.579,75905425408,,0.0322,21.209,2.49,0.54,None,0.27545,0.06987,748000000,844750016,1311000064,,1.563,
Sempra Energy,Utilities,SRE,0.1042,0.01952,93.667,0.247,-0.097,0.374,0.029808639,75.5184,17.378206,15.792233,81.52,81.87,81.2599,82.5,0.759,51493765120,2.43,0.22381,45.171,4.68,2.9,2.3679,0.37838,0.17934,5040000000,-4350750208,5000999936,0.179,0.459,
Sunoco LP,Energy,SUN,0.33665,0.047119997,182.448,0.659,0.075,0.04282,0.06466491,56.3362,6.888889,9.789473,53.12,53.28,52.8377,54.03,1.295,7335731712,3.435,0.03762,31.839,7.83,0.36,None,0.07299,0.03272,1012000000,375624992,399000000,3.936,1.26,
Sysco Corp,Consumer Staples Distribution & Retail,SYY,0.99415,0.09137999,684.611,0.654,0.042,0.05534,0.026940089,76.11715,18.971724,14.819278,74.61,74.54,73.375,74.62,1.197,36253368320,2.01,0.0248,3.782,3.89,2.29,1.2824,0.18528,0.051020004,4362999808,1873874944,2988999936,-0.144,1.195,
AT&T Inc,Telecommunication Services,T,0.11788,0.03958,123.31,0.428,-0.004,0.34453,0.05126429,18.26155,12.195402,9.38938,21.6525,21.6,21.21,21.68,0.737,152152489984,1.11,0.10414,14.687,1.74,7.48,1.9052,0.59605,0.22945,42100998144,17859874816,38354001920,-0.197,0.704,
TAL Education Group,Consumer Services,TAL,0.01438,-0.0035899999,9.444,2.556,0.504,-0.001,,11.16475,144.75,25.733334,11.34,11.35,11.265,11.8,0.036,6997597184,,0.032449998,6.092,0.08,0.14,None,0.54283,-0.041840002,-1622000,214636752,427448992,,2.938,
Molson Coors Beverage Co,Food Beverage & Tobacco,TAP,0.0879,0.04335,55.463,0.673,-0.004,0.21434,0.031301785,58.1178,9.979816,9.297436,54.31,54.67,54.01,54.62,0.817,11276733440,1.7,0.09791,57.831,5.45,3.61,2.5738,0.39141,0.18716,2558799872,784662528,2079200000,0.293,0.953,
The Container Store Group Inc,Consumer Discretionary Distribution & Retail,TCS,-0.53801,-0.00561,451.968,0.371,-0.122,0.03034,,15.20315,,-1.8193202,10.87,10.69,9.6952,10.73,1.021,34971784,,-0.12909001,43.878,-32.25,-0.08,None,0.58394,-0.07053,24954000,6004750,41667000,,1.31,
Teva Pharmaceutical Industries Ltd,Pharmaceuticals Biotechnology & Life Sciences,TEVA,-0.10511,0.05159,288.313,0.462,0.074,0.28023002,,15.20625,,6.2851987,17.73,17.6,17.37,17.76,0.879,19916169216,,-0.02781,5.613,-0.39,4.46,1.2934,0.49497002,0.19621,4565000192,3371875072,1168000000,,0.892,
Target Corp,Consumer Staples Distribution & Retail,TGT,0.33968,0.07233,132.802,0.175,0.027,0.08603,0.028510336,152.53995,16.095976,14.811966,154.33,154.33,152.325,156.26,1.238,71851483136,4.4,0.04182,31.259,9.69,1.99,1.8203,0.28425,0.06644,9230999552,3743624960,8561999872,0.428,0.897,
Treehouse Foods Inc,Food Beverage & Tobacco,THS,-0.0074299998,0.02192,99.568,0.473,-0.019,0.0858,,38.63495,,13.388158,41.0,41.04,40.53,41.15,0.216,2112329984,,-0.00408,29.925,-0.24,1.46,0.7683,0.16165,0.04578,290300000,72150000,135300000,,1.438,
TJX Companies Inc,Consumer Discretionary Distribution & Retail,TJX,0.66199,0.12818,162.567,0.554,0.056,0.12809,0.012414458,104.43035,27.2615,24.476088,113.98,113.73,112.22,113.82,0.888,126986870784,1.415,0.08563,6.899,4.13,2.92,2.3159,0.36571,0.105579995,7125000192,3528750080,6336999936,0.129,1.214,
Toyota Motor Corp,Automobiles & Components,TM,0.15012999,0.03978,105.806,0.986,0.122,0.157,0.43105924,207.6687,7.0189214,7.6637363,173.99,172.84,172.76,174.58,0.434,229266767872,75.0,0.107080005,2653.221,24.84,0.47,1.5387,0.19331,0.110530004,7282626134016,-1973744697344,3531816042496,0.023,1.183,
Tootsie Roll Industries Inc,Food Beverage & Tobacco,TR,0.117139995,0.06827,1.836,2.118,-0.059,0.17962,0.011805786,30.718697,22.706766,-15.48718,30.07,30.05,29.955,30.28,0.166,2229678080,0.355,0.12684,11.782,1.33,,None,0.33878,0.11918,134900000,74650872,108530000,0.073,3.733,
TREX Co Inc,Capital Goods,TREX,0.34679002,0.1872,11.305,1.11,0.056,0.32296002,,81.4847,26.268595,29.027397,64.65,63.38,62.9125,64.46,1.497,6910503936,,0.21068001,8.232,2.42,2.61,None,0.43151,0.31053,403601984,123091128,301280000,0.13,1.775,
TC Energy Corp,Energy,TRP,0.10684,0.035099998,160.836,0.555,0.067,0.58913,0.08362832,40.48885,18.619835,15.645833,45.2,45.31,44.91,45.31,0.819,46858797056,3.78,0.21383,26.635,2.42,-5.54,None,0.65310997,0.39584,9722999808,-2025750016,7381000192,2.869,0.758,
Taiwan Semiconductor Manufacturing Co,Semiconductors & Semiconductor Equipment,TSM,0.26246,0.115100004,26.917,2.156,0.401,0.67176,0.0801539,149.54155,33.115864,22.410133,187.14,185.86,184.4,187.08,1.268,963469901824,15.0,0.37854,146.223,5.61,1.31,1.2777,0.53356,0.42547,1638037716992,622615265280,1503453904896,0.364,2.471,
Tyson Foods Inc,Food Beverage & Tobacco,TSN,0.00081,0.018339999,60.548,0.856,0.016,0.04814,0.033459164,58.06125,,16.578348,58.28,58.43,58.125,58.99,0.773,20705748992,1.95,-0.00013,50.8,-0.06,0.4,None,0.06272,0.0334,2556000000,866625024,2296000000,,1.82,
TELUS Corp,Telecommunication Services,TU,0.046669997,0.03576,171.581,0.514,-0.007,0.25441998,0.093246594,16.58825,41.153847,20.576923,16.14,16.16,15.94,16.14,0.721,23864582144,1.505,0.03912,10.667,0.39,8.85,None,0.36084,0.14959,5065999872,1421250048,4959000064,0.085,0.663,
Titan International Inc,Capital Goods,TWI,0.059699997,0.041750003,107.27,1.19,0.106,0.08293,,10.31035,16.27907,10.0,7.12,7.01,6.895,7.01,1.797,505112992,,0.01554,8.443,0.43,0.67,None,0.1507,0.0425,149802000,-44025500,163306000,-0.938,2.405,
Textron Systems,Capital Goods,TXT,0.1338,0.04968,57.837,0.638,0.03,0.121470004,0.0009265694,87.7452,18.255814,12.2830715,86.34,85.5,85.38,86.54,1.229,16178795520,0.08,0.06671,36.544,4.73,1.11,0.8971,0.16529,0.10094,1688000000,793500032,1167000064,0.034,1.789,
Under Armour Inc,Consumer Durables & Apparel,UA,-0.04364,0.028469998,73.918,0.913,-0.101,0.06506,,7.1689,,23.17647,7.91,7.85,7.79,7.93,1.662,3512360448,,-0.01498,4.205,-0.2,1.51,2.211,0.46357,0.00677,362268000,708425344,512952000,,1.727,
Uber Technologies Inc,Transportation,UBER,0.19178,0.03331,81.963,1.034,0.159,0.06982,,70.5701,84.69565,34.63111,77.87,77.65,76.9,78.24,1.331,163705241600,,0.0502,5.887,0.92,1.56,1.1811,0.32372,0.07439,2796999936,3908750080,5024999936,1.541,1.21,
UBS Group AG,Financial Services,UBS,0.028299998,0.0015,,,0.325,,0.022165928,29.85645,64.5102,15.495099,31.58,31.6,31.45,31.645,1.015,101219328000,0.7,0.051230002,26.134,0.49,2.0,0.3993,,0.22564,,,25955999744,-0.96,,
UGI Corp,Utilities,UGI,0.14852001,0.05361,147.569,0.556,-0.168,0.25081,0.06273526,24.12375,7.617834,7.9733334,23.91,23.91,23.86,24.0695,1.143,5135360512,1.5,0.09129,21.804,3.14,1.43,None,0.53201,0.10942,1848999936,247250000,1280999936,,0.91,
Unilever PLC,Household & Personal Products,UL,0.32369,0.08623,137.489,0.555,0.023,0.19815001,0.02717011,54.71965,21.591696,18.139536,62.9,62.66,62.3,62.73,0.219,156144779264,1.709,0.11013,8.138,2.89,3.82,16.6197,0.42896998,0.19677,11946999808,5844499968,9424000000,0.05,0.774,
United Natural Foods Inc,Consumer Staples Distribution & Retail,UNFI,-0.06499,0.012309999,216.514,0.422,0.099,0.015039999,,13.6784,,18.679245,19.61,19.5,18.84,19.82,0.625,1178551424,,-0.0036199999,27.58,-1.89,-2.76,None,0.1356,0.0055199997,466000000,35000000,253000000,,1.438,
UnitedHealth Group Inc,Health Care Equipment & Services,UNH,0.15584,0.07069,75.678,0.776,0.064,0.09034,0.0130915735,524.4811,39.530426,19.17549,591.22,595.18,592.76,598.91,0.593,551926956032,7.74,0.03659,97.024,15.12,1.74,1.5065,0.23466998,0.07966,34818998272,-11781999616,9598999552,-0.22,0.847,
United Parcel Service,Transportation,UPS,0.28331,0.07265,155.099,1.049,-0.011,0.12974,0.04887218,141.90385,21.705883,15.027148,133.0,132.705,132.555,134.08,0.979,113787813888,6.5,0.0587,19.872,6.12,6.64,1.5955,0.2143,0.097670004,11612000256,1867750016,9953000448,-0.32,1.248,
Visa Inc,Financial Services,V,0.48548,0.16209,51.856,0.942,0.096,0.69832003,0.0075109233,273.31674,29.675934,25.06504,276.93,276.78,275.37,277.67,0.961,539923349504,2.08,0.54717,20.057,9.35,2.22,1.8017,0.97803,0.66865,24384000000,14696625152,20213000192,0.202,1.373,
Veeva Systems Inc,Health Care Equipment & Services,VEEV,0.13179,0.06385,1.043,4.941,0.146,0.24359,,203.66776,56.184494,31.038406,206.84,205.38,205.41,210.605,0.808,34027192320,,0.23906,32.038,3.74,2.48,1.2074,0.7335,0.24622,626924992,804470720,996756992,0.529,5.015,
VF Corp,Consumer Durables & Apparel,VFC,-0.57025003,0.02726,513.104,0.385,-0.086,0.08534,0.028528528,15.57605,,21.09375,19.98,19.91,19.76,20.28,1.553,7880955904,0.57,-0.11389,3.566,-3.01,1.44,None,0.51897,-0.04107,876958976,674091648,870835968,,0.986,
Verizon Communications Inc,Telecommunication Services,VZ,0.120950006,0.04982,182.829,0.471,0.006,0.35839,0.06124446,40.87235,16.146616,9.157783,43.4325,43.44,42.81,43.66,0.411,180798898176,2.66,0.08382,22.846,2.66,12.39,2.4538,0.59853,0.23128,48111001600,8379500032,36024000512,-0.009,0.626,
Wells Fargo & Co,Banks,WFC,0.10429,0.00984,,,0.034,,0.0243309,55.9015,11.834016,10.714286,57.54,57.72,57.36,58.39,1.159,196567728128,1.4,0.23956,46.969,4.88,1.36,2.7021,,0.31666002,,,23631998976,0.064,,
Wyndham Hotels & Resorts Inc,Consumer Services,WH,0.33799,0.08011,389.567,0.73,0.022,0.43372002,0.018420389,75.6776,25.834415,16.929789,79.26,79.0,79.17,80.29,1.344,6284430848,1.46,0.183,7.856,3.08,1.84,1.0604,0.68084,0.39617002,602000000,385124992,277000000,0.304,0.898,
Cactus Inc.,Energy,WHD,0.23056999,0.1344,3.429,2.528,-0.05,0.34924,0.00772325,51.5777,21.586206,19.261538,62.15,62.08,61.3528,62.89,1.951,4194199808,0.48,0.16884,14.36,2.9,0.89,None,0.39137,0.28476998,393679008,284097120,335980000,0.974,3.745,
Walmart Inc,Consumer Staples Distribution & Retail,WMT,0.18531999,0.069510005,69.566,0.183,0.048,0.06132,0.009888059,65.047585,41.463543,29.268383,80.4,80.31,79.46,80.32,0.516,639925092352,0.795,0.02339,10.507,1.92,3.19,2.8541,0.24628,0.04689,40779001856,7701374976,33881999360,-0.423,0.803,
Wabash National Corp,Capital Goods,WNC,0.29739,0.099139996,78.301,1.015,-0.198,0.11665,0.017572762,23.13635,5.5674844,10.3714285,18.21,18.14,17.84,18.19,1.516,798585472,0.32,0.066599995,12.446,3.26,0.8,None,0.1731,0.08129,267680992,57608376,166887008,-0.584,1.992,
Williams-Sonoma Inc,Consumer Discretionary Distribution & Retail,WSM,0.55959,0.17799,58.415,0.783,-0.04,0.21476,0.014063581,136.25087,17.036058,17.348837,144.7,142.12,140.63,143.24,1.733,17907290112,2.035,0.14287,17.609,8.32,4.64,2.1162,0.46164,0.16212,1628123008,1147021056,1438571008,0.115,1.56,
United States Steel Corp,Materials,X,0.05138,0.01694,37.768,1.073,-0.178,0.08604,0.005610098,40.5376,15.462882,12.82971,35.65,35.25,35.25,35.62,1.872,7965904384,0.2,0.034,50.646,2.29,1.88,None,0.11416,0.04395,1450000000,-1055750016,1652000000,-0.617,1.722,
Exxon Mobil Corp,Energy,XOM,0.1469,0.07355,15.632,0.983,0.12,0.20544,0.030796954,112.4758,14.729666,14.69451,122.09,123.16,122.295,123.7013,0.877,547090071552,3.76,0.098979995,60.413,8.36,4.46,6.2924,0.31614,0.13351,70902996992,29004249088,54869000192,0.104,1.36,
Xerox Holdings Corp,Technology Hardware & Equipment,XRX,-0.0332,0.00866,134.492,1.034,-0.1,0.05387,0.09861933,14.14035,,5.653631,10.14,10.05,9.91,10.1799,1.59,1258239872,1.0,-0.01585,18.991,-0.94,0.9,0.1984,0.32184,0.026619999,350000000,505000000,557000000,,1.491,
Yum Brands Inc,Consumer Services,YUM,,0.25167,,1.103,0.045,0.36973998,0.009461265,134.6893,24.408426,21.153969,134.76,134.31,132.5,134.7485,1.082,37470859264,1.275,0.21956,-27.153,5.46,2.06,2.0186,0.49303,0.35961,2627000064,1090000000,1630000000,-0.123,1.439,
ZTO Express (Cayman) Inc,Transportation,ZTO,0.14698,0.07751,29.669,0.957,0.101,0.34181,0.27162427,20.81165,17.47619,12.781095,25.55,26.12,25.68,26.42,-0.097,21167300608,6.94,0.21236,74.909,1.47,55.72,1.5037,0.30849,0.29975998,13802725376,5599261184,12372503552,0.028,1.265,
